file, segment, start, end, dur, filedur, mean_intensity
Track15_noNarrator,np,0,3.680,3.680,358.182,79.726,
Track15_noNarrator,pau,3.680,3.808,0.128,358.182,38.086,
Track15_noNarrator,uh,3.808,4.248,0.440,358.182,78.533,
Track15_noNarrator,np,4.248,5.729,1.480,358.182,78.562,
Track15_noNarrator,pau,5.729,5.754,0.025,358.182,37.156,
Track15_noNarrator,np,5.754,6.608,0.854,358.182,77.589,
Track15_noNarrator,pau,6.608,6.644,0.036,358.182,28.867,
Track15_noNarrator,np,6.644,8.988,2.344,358.182,77.788,
Track15_noNarrator,pau,8.988,9.016,0.028,358.182,28.257,
Track15_noNarrator,in,9.016,9.733,0.716,358.182,44.944,
Track15_noNarrator,um,9.733,10.233,0.500,358.182,76.265,
Track15_noNarrator,np,10.233,11.732,1.499,358.182,78.293,
Track15_noNarrator,ex,11.732,11.890,0.158,358.182,50.678,
Track15_noNarrator,np,11.890,12.927,1.037,358.182,79.969,
Track15_noNarrator,pau,12.927,13.064,0.137,358.182,37.262,
Track15_noNarrator,np,13.064,14.469,1.405,358.182,80.897,
Track15_noNarrator,pau,14.469,14.573,0.104,358.182,30.420,
Track15_noNarrator,np,14.573,16.021,1.447,358.182,76.518,
Track15_noNarrator,pau,16.021,16.806,0.785,358.182,19.983,
Track15_noNarrator,np,16.806,17.225,0.420,358.182,78.872,
Track15_noNarrator,um,17.225,17.625,0.400,358.182,79.729,
Track15_noNarrator,np,17.625,22.458,4.833,358.182,77.349,
Track15_noNarrator,in,22.458,23.085,0.626,358.182,42.675,
Track15_noNarrator,pau,23.085,23.153,0.068,358.182,27.844,
Track15_noNarrator,um,23.153,23.517,0.364,358.182,81.186,
Track15_noNarrator,np,23.517,24.179,0.662,358.182,81.920,
Track15_noNarrator,uh,24.179,24.409,0.230,358.182,82.457,
Track15_noNarrator,np,24.409,25.309,0.900,358.182,78.546,
Track15_noNarrator,pau,25.309,25.432,0.122,358.182,54.765,
Track15_noNarrator,um,25.432,25.763,0.331,358.182,78.153,
Track15_noNarrator,np,25.763,27.820,2.057,358.182,77.540,
Track15_noNarrator,uh,27.820,28.373,0.553,358.182,76.061,
Track15_noNarrator,np,28.373,30.995,2.622,358.182,78.103,
Track15_noNarrator,in,30.995,31.499,0.504,358.182,45.559,
Track15_noNarrator,um,31.499,31.848,0.349,358.182,74.164,
Track15_noNarrator,np,31.848,32.895,1.047,358.182,79.828,
Track15_noNarrator,pau,32.895,33.222,0.328,358.182,28.047,
Track15_noNarrator,in,33.222,33.699,0.477,358.182,40.579,
Track15_noNarrator,pau,33.699,33.755,0.056,358.182,28.870,
Track15_noNarrator,np,33.755,34.163,0.408,358.182,79.449,
Track15_noNarrator,pau,34.163,34.221,0.058,358.182,34.596,
Track15_noNarrator,np,34.221,40.089,5.868,358.182,77.142,
Track15_noNarrator,pau,40.089,40.157,0.068,358.182,31.952,
Track15_noNarrator,in,40.157,40.447,0.290,358.182,46.924,
Track15_noNarrator,pau,40.447,40.497,0.050,358.182,36.657,
Track15_noNarrator,np,40.497,40.811,0.313,358.182,81.109,
Track15_noNarrator,pau,40.811,40.976,0.166,358.182,33.378,
Track15_noNarrator,in,40.976,41.306,0.329,358.182,40.016,
Track15_noNarrator,pau,41.306,41.333,0.027,358.182,33.040,
Track15_noNarrator,np,41.333,42.400,1.067,358.182,79.763,
Track15_noNarrator,pau,42.400,42.495,0.095,358.182,29.569,
Track15_noNarrator,np,42.495,47.708,5.212,358.182,77.489,
Track15_noNarrator,in,47.708,48.196,0.488,358.182,44.022,
Track15_noNarrator,pau,48.196,48.233,0.038,358.182,31.153,
Track15_noNarrator,uh,48.233,48.616,0.383,358.182,78.287,
Track15_noNarrator,np,48.616,49.619,1.003,358.182,79.571,
Track15_noNarrator,pau,49.619,49.716,0.097,358.182,39.740,
Track15_noNarrator,np,49.716,52.332,2.616,358.182,79.072,
Track15_noNarrator,pau,52.332,52.424,0.092,358.182,34.082,
Track15_noNarrator,np,52.424,53.100,0.675,358.182,74.320,
Track15_noNarrator,pau,53.100,53.913,0.814,358.182,22.598,
Track15_noNarrator,np,53.913,54.271,0.357,358.182,79.246,
Track15_noNarrator,pau,54.271,54.343,0.072,358.182,34.164,
Track15_noNarrator,np,54.343,55.680,1.338,358.182,79.741,
Track15_noNarrator,pau,55.680,55.970,0.290,358.182,29.706,
Track15_noNarrator,np,55.970,57.138,1.168,358.182,80.124,
Track15_noNarrator,uh,57.138,57.417,0.279,358.182,78.265,
Track15_noNarrator,pau,57.417,57.524,0.106,358.182,35.916,
Track15_noNarrator,in,57.524,57.995,0.472,358.182,39.216,
Track15_noNarrator,uh,57.995,58.256,0.261,358.182,75.209,
Track15_noNarrator,pau,58.256,58.294,0.038,358.182,34.292,
Track15_noNarrator,np,58.294,59.054,0.760,358.182,80.169,
Track15_noNarrator,uh,59.054,59.466,0.412,358.182,76.766,
Track15_noNarrator,pau,59.466,59.506,0.040,358.182,57.255,
Track15_noNarrator,np,59.506,60.696,1.190,358.182,77.853,
Track15_noNarrator,in,60.696,61.308,0.612,358.182,41.814,
Track15_noNarrator,pau,61.308,61.355,0.047,358.182,27.567,
Track15_noNarrator,np,61.355,69.389,8.034,358.182,79.668,
Track15_noNarrator,pau,69.389,69.812,0.423,358.182,28.505,
Track15_noNarrator,in,69.812,70.630,0.817,358.182,42.903,
Track15_noNarrator,pau,70.630,70.660,0.031,358.182,27.464,
Track15_noNarrator,um,70.660,71.010,0.350,358.182,81.563,
Track15_noNarrator,pau,71.010,71.104,0.094,358.182,35.046,
Track15_noNarrator,cl,71.104,71.140,0.036,358.182,41.541,
Track15_noNarrator,np,71.140,71.885,0.745,358.182,80.371,
Track15_noNarrator,pau,71.885,71.935,0.050,358.182,35.898,
Track15_noNarrator,np,71.935,74.053,2.117,358.182,78.030,
Track15_noNarrator,pau,74.053,74.152,0.099,358.182,32.482,
Track15_noNarrator,np,74.152,75.232,1.081,358.182,78.787,
Track15_noNarrator,pau,75.232,75.293,0.061,358.182,38.245,
Track15_noNarrator,np,75.293,75.554,0.261,358.182,80.119,
Track15_noNarrator,pau,75.554,75.589,0.034,358.182,36.737,
Track15_noNarrator,np,75.589,76.610,1.021,358.182,80.754,
Track15_noNarrator,pau,76.610,76.662,0.052,358.182,33.229,
Track15_noNarrator,np,76.662,78.101,1.439,358.182,78.323,
Track15_noNarrator,pau,78.101,78.144,0.043,358.182,30.391,
Track15_noNarrator,in,78.144,78.690,0.545,358.182,42.220,
Track15_noNarrator,pau,78.690,78.742,0.052,358.182,28.393,
Track15_noNarrator,np,78.742,82.204,3.462,358.182,79.290,
Track15_noNarrator,pau,82.204,83.264,1.060,358.182,29.466,
Track15_noNarrator,np,83.264,83.740,0.476,358.182,78.382,
Track15_noNarrator,uh,83.740,84.024,0.284,358.182,80.356,
Track15_noNarrator,np,84.024,88.255,4.231,358.182,80.023,
Track15_noNarrator,pau,88.255,88.446,0.191,358.182,34.362,
Track15_noNarrator,np,88.446,91.123,2.677,358.182,79.458,
Track15_noNarrator,pau,91.123,91.189,0.066,358.182,41.477,
Track15_noNarrator,in,91.189,92.474,1.285,358.182,37.817,
Track15_noNarrator,pau,92.474,92.523,0.049,358.182,40.716,
Track15_noNarrator,um,92.523,92.841,0.319,358.182,81.658,
Track15_noNarrator,pau,92.841,92.919,0.078,358.182,39.227,
Track15_noNarrator,ex,92.919,93.387,0.468,358.182,70.994,
Track15_noNarrator,np,93.387,93.745,0.358,358.182,79.516,
Track15_noNarrator,pau,93.745,93.807,0.062,358.182,33.364,
Track15_noNarrator,uh,93.807,94.039,0.232,358.182,76.199,
Track15_noNarrator,np,94.039,95.607,1.569,358.182,79.051,
Track15_noNarrator,in,95.607,95.980,0.373,358.182,42.313,
Track15_noNarrator,pau,95.980,96.040,0.060,358.182,33.548,
Track15_noNarrator,uh,96.040,96.331,0.291,358.182,78.149,
Track15_noNarrator,pau,96.331,96.405,0.075,358.182,37.547,
Track15_noNarrator,np,96.405,99.692,3.287,358.182,78.861,
Track15_noNarrator,pau,99.692,99.752,0.060,358.182,34.826,
Track15_noNarrator,np,99.752,101.266,1.513,358.182,77.452,
Track15_noNarrator,pau,101.266,101.314,0.049,358.182,29.564,
Track15_noNarrator,in,101.314,101.914,0.599,358.182,38.606,
Track15_noNarrator,pau,101.914,101.958,0.044,358.182,32.710,
Track15_noNarrator,uh,101.958,102.233,0.275,358.182,76.380,
Track15_noNarrator,np,102.233,104.366,2.133,358.182,79.054,
Track15_noNarrator,pau,104.366,104.447,0.081,358.182,30.249,
Track15_noNarrator,uhm,104.447,104.862,0.415,358.182,78.775,
Track15_noNarrator,ex,104.862,105.135,0.273,358.182,49.980,
Track15_noNarrator,np,105.135,107.168,2.033,358.182,78.508,
Track15_noNarrator,pau,107.168,107.197,0.029,358.182,31.997,
Track15_noNarrator,in,107.197,107.720,0.523,358.182,40.836,
Track15_noNarrator,pau,107.720,107.756,0.036,358.182,29.805,
Track15_noNarrator,um,107.756,108.307,0.551,358.182,80.511,
Track15_noNarrator,np,108.307,110.476,2.169,358.182,79.226,
Track15_noNarrator,pau,110.476,110.576,0.100,358.182,31.158,
Track15_noNarrator,uh,110.576,111.145,0.569,358.182,78.221,
Track15_noNarrator,np,111.145,112.460,1.315,358.182,77.460,
Track15_noNarrator,pau,112.460,112.638,0.178,358.182,22.537,
Track15_noNarrator,in,112.638,113.015,0.378,358.182,42.987,
Track15_noNarrator,pau,113.015,113.062,0.047,358.182,32.226,
Track15_noNarrator,um,113.062,113.487,0.425,358.182,79.087,
Track15_noNarrator,np,113.487,114.619,1.132,358.182,77.079,
Track15_noNarrator,pau,114.619,114.659,0.041,358.182,28.722,
Track15_noNarrator,in,114.659,115.136,0.476,358.182,37.440,
Track15_noNarrator,uh,115.136,115.491,0.356,358.182,79.626,
Track15_noNarrator,np,115.491,119.004,3.512,358.182,79.822,
Track15_noNarrator,in,119.004,119.610,0.606,358.182,38.010,
Track15_noNarrator,pau,119.610,119.678,0.068,358.182,21.437,
Track15_noNarrator,um,119.678,120.154,0.476,358.182,80.674,
Track15_noNarrator,ex,120.154,120.471,0.318,358.182,55.539,
Track15_noNarrator,np,120.471,122.621,2.150,358.182,80.835,
Track15_noNarrator,uh,122.621,123.007,0.386,358.182,77.825,
Track15_noNarrator,np,123.007,124.822,1.815,358.182,78.259,
Track15_noNarrator,in,124.822,125.324,0.502,358.182,40.222,
Track15_noNarrator,pau,125.324,125.372,0.049,358.182,34.173,
Track15_noNarrator,np,125.372,127.787,2.415,358.182,79.288,
Track15_noNarrator,in,127.787,128.215,0.428,358.182,38.947,
Track15_noNarrator,pau,128.215,128.270,0.055,358.182,25.906,
Track15_noNarrator,uh,128.270,128.629,0.359,358.182,79.452,
Track15_noNarrator,np,128.629,131.261,2.632,358.182,78.618,
Track15_noNarrator,pau,131.261,131.345,0.084,358.182,33.882,
Track15_noNarrator,np,131.345,133.070,1.725,358.182,76.124,
Track15_noNarrator,pau,133.070,133.889,0.818,358.182,18.307,
Track15_noNarrator,np,133.889,134.479,0.591,358.182,77.662,
Track15_noNarrator,pau,134.479,134.539,0.060,358.182,31.781,
Track15_noNarrator,np,134.539,137.817,3.278,358.182,78.076,
Track15_noNarrator,in,137.817,138.323,0.506,358.182,39.898,
Track15_noNarrator,pau,138.323,138.370,0.047,358.182,28.278,
Track15_noNarrator,um,138.370,138.752,0.382,358.182,78.137,
Track15_noNarrator,pau,138.752,138.793,0.041,358.182,39.357,
Track15_noNarrator,np,138.793,139.118,0.326,358.182,79.746,
Track15_noNarrator,pau,139.118,139.246,0.128,358.182,34.771,
Track15_noNarrator,np,139.246,140.235,0.989,358.182,79.256,
Track15_noNarrator,uh,140.235,140.415,0.180,358.182,79.718,
Track15_noNarrator,np,140.415,143.071,2.656,358.182,77.843,
Track15_noNarrator,in,143.071,143.338,0.267,358.182,41.300,
Track15_noNarrator,np,143.338,145.616,2.277,358.182,77.860,
Track15_noNarrator,pau,145.616,146.098,0.483,358.182,23.023,
Track15_noNarrator,in,146.098,146.435,0.337,358.182,43.793,
Track15_noNarrator,pau,146.435,146.515,0.079,358.182,24.774,
Track15_noNarrator,np,146.515,146.819,0.305,358.182,80.142,
Track15_noNarrator,uh,146.819,147.186,0.366,358.182,78.430,
Track15_noNarrator,np,147.186,149.983,2.797,358.182,79.277,
Track15_noNarrator,pau,149.983,150.031,0.049,358.182,40.581,
Track15_noNarrator,np,150.031,152.045,2.014,358.182,75.995,
Track15_noNarrator,in,152.045,152.677,0.632,358.182,43.903,
Track15_noNarrator,pau,152.677,152.724,0.047,358.182,31.306,
Track15_noNarrator,um,152.724,153.157,0.433,358.182,77.569,
Track15_noNarrator,pau,153.157,153.186,0.029,358.182,34.998,
Track15_noNarrator,np,153.186,155.510,2.324,358.182,77.862,
Track15_noNarrator,uh,155.510,155.833,0.322,358.182,78.869,
Track15_noNarrator,np,155.833,157.642,1.809,358.182,80.662,
Track15_noNarrator,in,157.642,158.081,0.439,358.182,46.997,
Track15_noNarrator,pau,158.081,158.112,0.031,358.182,38.394,
Track15_noNarrator,np,158.112,160.674,2.562,358.182,79.428,
Track15_noNarrator,in,160.674,161.059,0.386,358.182,41.852,
Track15_noNarrator,pau,161.059,161.289,0.230,358.182,40.253,
Track15_noNarrator,np,161.289,161.722,0.432,358.182,78.651,
Track15_noNarrator,uh,161.722,161.970,0.248,358.182,79.218,
Track15_noNarrator,np,161.970,164.936,2.967,358.182,78.410,
Track15_noNarrator,pau,164.936,164.959,0.023,358.182,34.289,
Track15_noNarrator,in,164.959,165.242,0.284,358.182,41.085,
Track15_noNarrator,pau,165.242,165.280,0.037,358.182,31.494,
Track15_noNarrator,np,165.280,167.164,1.884,358.182,80.338,
Track15_noNarrator,in,167.164,167.619,0.455,358.182,41.565,
Track15_noNarrator,pau,167.619,167.854,0.235,358.182,46.858,
Track15_noNarrator,np,167.854,169.677,1.823,358.182,78.780,
Track15_noNarrator,pau,169.677,170.534,0.857,358.182,26.639,
Track15_noNarrator,np,170.534,174.367,3.832,358.182,77.292,
Track15_noNarrator,pau,174.367,174.411,0.044,358.182,29.185,
Track15_noNarrator,in,174.411,174.897,0.486,358.182,40.700,
Track15_noNarrator,uh,174.897,175.284,0.387,358.182,75.555,
Track15_noNarrator,np,175.284,176.055,0.772,358.182,79.094,
Track15_noNarrator,pau,176.055,176.156,0.100,358.182,26.172,
Track15_noNarrator,np,176.156,176.992,0.836,358.182,75.303,
Track15_noNarrator,uh,176.992,177.399,0.407,358.182,77.935,
Track15_noNarrator,uh,177.399,177.633,0.234,358.182,74.024,
Track15_noNarrator,np,177.633,179.180,1.547,358.182,76.479,
Track15_noNarrator,pau,179.180,179.325,0.146,358.182,28.221,
Track15_noNarrator,in,179.325,179.894,0.569,358.182,43.124,
Track15_noNarrator,pau,179.894,180.113,0.219,358.182,23.499,
Track15_noNarrator,np,180.113,182.333,2.220,358.182,78.437,
Track15_noNarrator,pau,182.333,182.474,0.141,358.182,25.289,
Track15_noNarrator,in,182.474,182.855,0.382,358.182,39.763,
Track15_noNarrator,uh,182.855,183.129,0.274,358.182,76.632,
Track15_noNarrator,np,183.129,185.332,2.202,358.182,79.843,
Track15_noNarrator,pau,185.332,185.494,0.162,358.182,25.706,
Track15_noNarrator,uh,185.494,185.675,0.181,358.182,61.980,
Track15_noNarrator,np,185.675,187.105,1.430,358.182,79.272,
Track15_noNarrator,in,187.105,187.569,0.463,358.182,40.750,
Track15_noNarrator,pau,187.569,187.617,0.049,358.182,29.335,
Track15_noNarrator,np,187.617,190.255,2.638,358.182,78.336,
Track15_noNarrator,ex,190.255,190.529,0.274,358.182,57.737,
Track15_noNarrator,uh,190.529,190.720,0.191,358.182,76.609,
Track15_noNarrator,np,190.720,192.191,1.471,358.182,77.610,
Track15_noNarrator,pau,192.191,192.379,0.188,358.182,32.991,
Track15_noNarrator,uh,192.379,192.732,0.353,358.182,74.002,
Track15_noNarrator,np,192.732,193.484,0.752,358.182,77.522,
Track15_noNarrator,pau,193.484,193.555,0.071,358.182,28.109,
Track15_noNarrator,np,193.555,194.611,1.056,358.182,76.849,
Track15_noNarrator,in,194.611,195.081,0.470,358.182,46.153,
Track15_noNarrator,pau,195.081,195.114,0.032,358.182,28.953,
Track15_noNarrator,uh1,195.114,195.407,0.293,358.182,72.797,
Track15_noNarrator,np,195.407,199.222,3.815,358.182,78.571,
Track15_noNarrator,uh,199.222,199.460,0.238,358.182,81.619,
Track15_noNarrator,pau,199.460,199.491,0.031,358.182,41.494,
Track15_noNarrator,in,199.491,200.060,0.569,358.182,40.960,
Track15_noNarrator,pau,200.060,200.147,0.087,358.182,27.807,
Track15_noNarrator,np,200.147,202.399,2.251,358.182,78.088,
Track15_noNarrator,pau,202.399,202.463,0.065,358.182,37.068,
Track15_noNarrator,np,202.463,203.833,1.370,358.182,78.459,
Track15_noNarrator,pau,203.833,203.880,0.047,358.182,30.815,
Track15_noNarrator,np,203.880,205.149,1.269,358.182,78.720,
Track15_noNarrator,pau,205.149,205.209,0.060,358.182,36.574,
Track15_noNarrator,np,205.209,205.783,0.575,358.182,77.686,
Track15_noNarrator,pau,205.783,205.830,0.047,358.182,31.587,
Track15_noNarrator,in,205.830,206.258,0.428,358.182,41.676,
Track15_noNarrator,pau,206.258,206.333,0.075,358.182,35.052,
Track15_noNarrator,np,206.333,209.317,2.985,358.182,77.725,
Track15_noNarrator,pau,209.317,210.174,0.857,358.182,23.314,
Track15_noNarrator,np,210.174,210.510,0.335,358.182,79.201,
Track15_noNarrator,in,210.510,211.012,0.503,358.182,41.920,
Track15_noNarrator,pau,211.012,211.062,0.050,358.182,30.367,
Track15_noNarrator,np,211.062,211.388,0.326,358.182,80.437,
Track15_noNarrator,pau,211.388,211.521,0.133,358.182,55.211,
Track15_noNarrator,np,211.521,212.326,0.805,358.182,75.915,
Track15_noNarrator,pau,212.326,212.583,0.258,358.182,24.243,
Track15_noNarrator,in,212.583,212.896,0.313,358.182,38.747,
Track15_noNarrator,pau,212.896,212.995,0.099,358.182,21.786,
Track15_noNarrator,uh,212.995,213.290,0.295,358.182,80.166,
Track15_noNarrator,pau,213.290,213.501,0.211,358.182,44.425,
Track15_noNarrator,np,213.501,216.125,2.624,358.182,78.272,
Track15_noNarrator,pau,216.125,216.377,0.253,358.182,27.486,
Track15_noNarrator,np,216.377,217.239,0.862,358.182,79.371,
Track15_noNarrator,in,217.239,217.579,0.340,358.182,42.410,
Track15_noNarrator,np,217.579,223.380,5.800,358.182,77.973,
Track15_noNarrator,pau,223.380,223.422,0.042,358.182,29.105,
Track15_noNarrator,in,223.422,224.089,0.668,358.182,43.220,
Track15_noNarrator,um,224.089,224.546,0.457,358.182,79.035,
Track15_noNarrator,np,224.546,225.792,1.246,358.182,75.195,
Track15_noNarrator,pau,225.792,225.823,0.031,358.182,24.860,
Track15_noNarrator,um,225.823,226.422,0.600,358.182,75.120,
Track15_noNarrator,ex,226.422,226.669,0.246,358.182,48.141,
Track15_noNarrator,np,226.669,229.430,2.761,358.182,77.043,
Track15_noNarrator,in,229.430,230.010,0.580,358.182,43.058,
Track15_noNarrator,uh,230.010,230.260,0.250,358.182,76.780,
Track15_noNarrator,np,230.260,231.297,1.037,358.182,78.133,
Track15_noNarrator,uh,231.297,231.574,0.277,358.182,81.943,
Track15_noNarrator,np,231.574,232.618,1.044,358.182,79.927,
Track15_noNarrator,pau,232.618,232.686,0.068,358.182,27.808,
Track15_noNarrator,in,232.686,233.102,0.416,358.182,39.514,
Track15_noNarrator,pau,233.102,233.135,0.032,358.182,27.562,
Track15_noNarrator,np,233.135,233.348,0.214,358.182,75.945,
Track15_noNarrator,uh,233.348,233.625,0.277,358.182,79.799,
Track15_noNarrator,np,233.625,236.015,2.389,358.182,78.069,
Track15_noNarrator,pau,236.015,236.044,0.029,358.182,23.740,
Track15_noNarrator,in,236.044,236.637,0.593,358.182,36.048,
Track15_noNarrator,pau,236.637,236.781,0.144,358.182,42.402,
Track15_noNarrator,np,236.781,239.850,3.069,358.182,80.128,
Track15_noNarrator,pau,239.850,239.913,0.063,358.182,28.983,
Track15_noNarrator,in,239.913,240.331,0.418,358.182,38.886,
Track15_noNarrator,pau,240.331,240.382,0.050,358.182,30.659,
Track15_noNarrator,uh,240.382,240.780,0.399,358.182,80.295,
Track15_noNarrator,np,240.780,242.983,2.202,358.182,79.279,
Track15_noNarrator,pau,242.983,243.023,0.041,358.182,34.321,
Track15_noNarrator,in,243.023,243.438,0.415,358.182,41.850,
Track15_noNarrator,pau,243.438,243.465,0.028,358.182,33.121,
Track15_noNarrator,uh,243.465,243.720,0.254,358.182,77.328,
Track15_noNarrator,np,243.720,246.514,2.794,358.182,78.514,
Track15_noNarrator,pau,246.514,246.572,0.058,358.182,29.814,
Track15_noNarrator,np,246.572,247.166,0.594,358.182,77.854,
Track15_noNarrator,pau,247.166,247.240,0.075,358.182,26.995,
Track15_noNarrator,np,247.240,247.840,0.599,358.182,77.842,
Track15_noNarrator,pau,247.840,247.906,0.066,358.182,32.941,
Track15_noNarrator,np,247.906,249.118,1.212,358.182,78.708,
Track15_noNarrator,pau,249.118,249.151,0.032,358.182,32.472,
Track15_noNarrator,np,249.151,249.554,0.403,358.182,80.400,
Track15_noNarrator,uh,249.554,249.812,0.258,358.182,78.705,
Track15_noNarrator,in,249.812,250.259,0.447,358.182,45.014,
Track15_noNarrator,np,250.259,251.154,0.895,358.182,79.255,
Track15_noNarrator,uh,251.154,251.509,0.355,358.182,79.677,
Track15_noNarrator,np,251.509,252.374,0.864,358.182,76.844,
Track15_noNarrator,pau,252.374,252.417,0.044,358.182,34.405,
Track15_noNarrator,np,252.417,253.218,0.800,358.182,79.213,
Track15_noNarrator,pau,253.218,253.250,0.032,358.182,36.034,
Track15_noNarrator,in,253.250,253.613,0.363,358.182,41.849,
Track15_noNarrator,pau,253.613,253.718,0.105,358.182,25.268,
Track15_noNarrator,np,253.718,257.750,4.032,358.182,79.492,
Track15_noNarrator,pau,257.750,257.792,0.042,358.182,29.970,
Track15_noNarrator,in,257.792,258.794,1.002,358.182,37.526,
Track15_noNarrator,pau,258.794,258.875,0.081,358.182,23.297,
Track15_noNarrator,uh,258.875,259.123,0.248,358.182,79.129,
Track15_noNarrator,np,259.123,260.704,1.582,358.182,77.982,
Track15_noNarrator,pau,260.704,260.785,0.081,358.182,34.103,
Track15_noNarrator,np,260.785,262.978,2.193,358.182,77.921,
Track15_noNarrator,pau,262.978,263.061,0.083,358.182,36.782,
Track15_noNarrator,np,263.061,264.442,1.381,358.182,77.868,
Track15_noNarrator,pau,264.442,264.481,0.039,358.182,31.941,
Track15_noNarrator,in,264.481,264.899,0.418,358.182,41.344,
Track15_noNarrator,pau,264.899,264.935,0.036,358.182,35.821,
Track15_noNarrator,um,264.935,265.340,0.406,358.182,76.970,
Track15_noNarrator,ex,265.340,265.509,0.169,358.182,40.576,
Track15_noNarrator,np,265.509,266.413,0.904,358.182,76.223,
Track15_noNarrator,pau,266.413,266.539,0.126,358.182,33.100,
Track15_noNarrator,np,266.539,267.338,0.798,358.182,79.792,
Track15_noNarrator,pau,267.338,267.417,0.079,358.182,31.855,
Track15_noNarrator,np,267.417,269.486,2.069,358.182,78.406,
Track15_noNarrator,pau,269.486,269.940,0.454,358.182,23.873,
Track15_noNarrator,in,269.940,270.823,0.883,358.182,41.492,
Track15_noNarrator,pau,270.823,270.878,0.055,358.182,36.461,
Track15_noNarrator,np,270.878,271.207,0.329,358.182,79.462,
Track15_noNarrator,um,271.207,271.692,0.484,358.182,77.936,
Track15_noNarrator,np,271.692,272.847,1.155,358.182,78.040,
Track15_noNarrator,pau,272.847,272.909,0.062,358.182,33.542,
Track15_noNarrator,um,272.909,273.285,0.376,358.182,78.210,
Track15_noNarrator,ex,273.285,273.827,0.543,358.182,48.217,
Track15_noNarrator,pau,273.827,273.858,0.031,358.182,52.469,
Track15_noNarrator,np,273.858,274.600,0.742,358.182,79.706,
Track15_noNarrator,pau,274.600,274.704,0.104,358.182,35.059,
Track15_noNarrator,np,274.704,276.397,1.693,358.182,78.599,
Track15_noNarrator,pau,276.397,276.426,0.029,358.182,32.412,
Track15_noNarrator,in,276.426,276.828,0.402,358.182,40.554,
Track15_noNarrator,np,276.828,277.901,1.073,358.182,77.618,
Track15_noNarrator,pau,277.901,277.986,0.084,358.182,31.094,
Track15_noNarrator,np,277.986,278.213,0.227,358.182,79.042,
Track15_noNarrator,pau,278.213,278.263,0.050,358.182,29.628,
Track15_noNarrator,in,278.263,278.616,0.353,358.182,41.937,
Track15_noNarrator,pau,278.616,278.690,0.075,358.182,26.419,
Track15_noNarrator,np,278.690,280.560,1.869,358.182,77.718,
Track15_noNarrator,pau,280.560,280.616,0.057,358.182,32.408,
Track15_noNarrator,in,280.616,281.195,0.578,358.182,37.959,
Track15_noNarrator,pau,281.195,281.326,0.131,358.182,22.625,
Track15_noNarrator,np,281.326,281.726,0.400,358.182,80.338,
Track15_noNarrator,uh,281.726,282.055,0.329,358.182,80.029,
Track15_noNarrator,np,282.055,283.344,1.289,358.182,79.586,
Track15_noNarrator,uh,283.344,283.503,0.159,358.182,78.430,
Track15_noNarrator,uh,283.503,283.732,0.228,358.182,73.967,
Track15_noNarrator,pau,283.732,283.983,0.251,358.182,38.107,
Track15_noNarrator,np,283.983,285.937,1.954,358.182,76.130,
Track15_noNarrator,in,285.937,286.410,0.473,358.182,45.444,
Track15_noNarrator,pau,286.410,286.450,0.041,358.182,35.762,
Track15_noNarrator,uh,286.450,286.567,0.117,358.182,75.073,
Track15_noNarrator,np,286.567,287.557,0.990,358.182,77.146,
Track15_noNarrator,pau,287.557,287.748,0.191,358.182,30.154,
Track15_noNarrator,np,287.748,290.418,2.670,358.182,77.945,
Track15_noNarrator,pau,290.418,291.006,0.588,358.182,30.262,
Track15_noNarrator,np,291.006,295.090,4.084,358.182,76.497,
Track15_noNarrator,in,295.090,295.506,0.416,358.182,44.977,
Track15_noNarrator,pau,295.506,295.545,0.039,358.182,28.350,
Track15_noNarrator,np,295.545,297.416,1.871,358.182,79.263,
Track15_noNarrator,pau,297.416,297.800,0.384,358.182,21.086,
Track15_noNarrator,in,297.800,298.308,0.509,358.182,41.834,
Track15_noNarrator,pau,298.308,298.349,0.041,358.182,31.774,
Track15_noNarrator,um,298.349,298.673,0.324,358.182,78.480,
Track15_noNarrator,np,298.673,300.314,1.641,358.182,78.557,
Track15_noNarrator,in,300.314,300.741,0.428,358.182,36.577,
Track15_noNarrator,pau,300.741,300.801,0.060,358.182,27.907,
Track15_noNarrator,np,300.801,303.901,3.100,358.182,78.051,
Track15_noNarrator,in,303.901,304.217,0.316,358.182,44.016,
Track15_noNarrator,pau,304.217,304.419,0.203,358.182,28.628,
Track15_noNarrator,np,304.419,306.283,1.863,358.182,78.513,
Track15_noNarrator,pau,306.283,306.320,0.037,358.182,41.941,
Track15_noNarrator,np,306.320,306.690,0.369,358.182,79.130,
Track15_noNarrator,uh,306.690,306.973,0.284,358.182,79.136,
Track15_noNarrator,uh,306.973,307.171,0.198,358.182,63.860,
Track15_noNarrator,uh,307.171,307.386,0.215,358.182,67.496,
Track15_noNarrator,np,307.386,308.815,1.429,358.182,79.152,
Track15_noNarrator,in,308.815,309.141,0.326,358.182,44.685,
Track15_noNarrator,pau,309.141,309.248,0.107,358.182,26.433,
Track15_noNarrator,np,309.248,310.472,1.223,358.182,78.450,
Track15_noNarrator,pau,310.472,310.613,0.141,358.182,38.516,
Track15_noNarrator,np,310.613,311.207,0.595,358.182,77.793,
Track15_noNarrator,pau,311.207,311.351,0.144,358.182,26.605,
Track15_noNarrator,np,311.351,312.269,0.917,358.182,79.538,
Track15_noNarrator,pau,312.269,312.469,0.201,358.182,25.309,
Track15_noNarrator,in,312.469,313.122,0.652,358.182,41.515,
Track15_noNarrator,um,313.122,313.465,0.343,358.182,75.421,
Track15_noNarrator,np,313.465,317.166,3.701,358.182,78.132,
Track15_noNarrator,in,317.166,317.676,0.510,358.182,48.538,
Track15_noNarrator,pau,317.676,317.744,0.068,358.182,51.255,
Track15_noNarrator,np,317.744,320.877,3.133,358.182,79.189,
Track15_noNarrator,pau,320.877,320.929,0.052,358.182,28.957,
Track15_noNarrator,in,320.929,321.329,0.400,358.182,41.033,
Track15_noNarrator,pau,321.329,321.674,0.345,358.182,24.283,
Track15_noNarrator,np,321.674,321.792,0.118,358.182,64.572,
Track15_noNarrator,pau,321.792,321.901,0.109,358.182,29.867,
Track15_noNarrator,np,321.901,324.598,2.697,358.182,78.524,
Track15_noNarrator,pau,324.598,324.627,0.029,358.182,31.477,
Track15_noNarrator,in,324.627,325.070,0.442,358.182,41.926,
Track15_noNarrator,pau,325.070,325.102,0.032,358.182,30.358,
Track15_noNarrator,um,325.102,325.560,0.459,358.182,78.263,
Track15_noNarrator,pau,325.560,325.629,0.068,358.182,42.123,
Track15_noNarrator,np,325.629,325.941,0.313,358.182,79.199,
Track15_noNarrator,pau,325.941,326.051,0.110,358.182,32.869,
Track15_noNarrator,np,326.051,326.390,0.339,358.182,78.879,
Track15_noNarrator,pau,326.390,326.453,0.063,358.182,42.513,
Track15_noNarrator,np,326.453,328.507,2.054,358.182,79.059,
Track15_noNarrator,in,328.507,328.878,0.371,358.182,43.869,
Track15_noNarrator,pau,328.878,329.138,0.260,358.182,30.844,
Track15_noNarrator,np,329.138,330.418,1.281,358.182,78.903,
Track15_noNarrator,in,330.418,330.637,0.219,358.182,44.021,
Track15_noNarrator,np,330.637,332.722,2.084,358.182,79.132,
Track15_noNarrator,pau,332.722,333.012,0.290,358.182,28.928,
Track15_noNarrator,np,333.012,336.401,3.390,358.182,78.695,
Track15_noNarrator,pau,336.401,336.444,0.042,358.182,33.025,
Track15_noNarrator,in,336.444,336.914,0.470,358.182,42.191,
Track15_noNarrator,um,336.914,337.202,0.288,358.182,75.957,
Track15_noNarrator,pau,337.202,337.257,0.055,358.182,42.748,
Track15_noNarrator,np,337.257,338.339,1.082,358.182,80.941,
Track15_noNarrator,pau,338.339,338.704,0.365,358.182,31.297,
Track15_noNarrator,in,338.704,338.958,0.254,358.182,42.551,
Track15_noNarrator,pau,338.958,339.067,0.109,358.182,23.407,
Track15_noNarrator,np,339.067,339.281,0.214,358.182,78.862,
Track15_noNarrator,pau,339.281,339.341,0.060,358.182,35.413,
Track15_noNarrator,np,339.341,342.567,3.226,358.182,79.089,
Track15_noNarrator,in,342.567,343.008,0.441,358.182,40.219,
Track15_noNarrator,pau,343.008,343.058,0.050,358.182,23.107,
Track15_noNarrator,other: glottal,343.058,343.201,0.143,358.182,61.464,
Track15_noNarrator,pau,343.201,343.324,0.123,358.182,27.267,
Track15_noNarrator,np,343.324,346.131,2.807,358.182,78.184,
Track15_noNarrator,in,346.131,346.458,0.327,358.182,39.149,
Track15_noNarrator,pau,346.458,346.795,0.337,358.182,25.477,
Track15_noNarrator,um,346.795,347.082,0.287,358.182,77.267,
Track15_noNarrator,np,347.082,348.658,1.576,358.182,78.370,
Track15_noNarrator,pau,348.658,348.811,0.152,358.182,34.725,
Track15_noNarrator,np,348.811,350.019,1.208,358.182,78.581,
Track15_noNarrator,pau,350.019,350.227,0.207,358.182,31.055,
Track15_noNarrator,np,350.227,350.500,0.274,358.182,79.835,
Track15_noNarrator,pau,350.500,350.572,0.071,358.182,31.225,
Track15_noNarrator,np,350.572,352.163,1.592,358.182,79.906,
Track15_noNarrator,in,352.163,352.687,0.523,358.182,40.756,
Track15_noNarrator,pau,352.687,352.834,0.147,358.182,22.498,
Track15_noNarrator,np,352.834,353.267,0.433,358.182,79.324,
Track15_noNarrator,pau,353.267,353.338,0.071,358.182,38.232,
Track15_noNarrator,np,353.338,354.411,1.073,358.182,80.939,
Track15_noNarrator,in,354.411,354.662,0.251,358.182,41.957,
Track15_noNarrator,pau,354.662,354.746,0.084,358.182,29.392,
Track15_noNarrator,np,354.746,355.330,0.583,358.182,81.997,
Track15_noNarrator,pau,355.330,355.359,0.029,358.182,37.571,
Track15_noNarrator,uh,355.359,355.589,0.230,358.182,72.590,
Track15_noNarrator,np,355.589,356.558,0.969,358.182,77.570,
Track15_noNarrator,pau,356.558,356.593,0.036,358.182,34.975,
Track15_noNarrator,np,356.593,358.182,1.589,358.182,77.227,
Track3_noNarrator,np,0,3.118,3.118,328.283,79.602,
Track3_noNarrator,pau,3.118,3.361,0.243,328.283,38.572,
Track3_noNarrator,np,3.361,4.331,0.970,328.283,80.165,
Track3_noNarrator,pau,4.331,4.457,0.126,328.283,34.359,
Track3_noNarrator,np,4.457,6.163,1.707,328.283,78.017,
Track3_noNarrator,pau,6.163,6.196,0.032,328.283,39.745,
Track3_noNarrator,in,6.196,6.921,0.725,328.283,42.515,
Track3_noNarrator,uh,6.921,7.180,0.258,328.283,79.575,
Track3_noNarrator,pau,7.180,7.259,0.079,328.283,48.586,
Track3_noNarrator,np,7.259,8.316,1.057,328.283,80.375,
Track3_noNarrator,in,8.316,8.604,0.288,328.283,45.104,
Track3_noNarrator,pau,8.604,8.660,0.056,328.283,29.766,
Track3_noNarrator,np,8.660,9.940,1.280,328.283,80.209,
Track3_noNarrator,pau,9.940,10.003,0.063,328.283,46.633,
Track3_noNarrator,np,10.003,11.974,1.972,328.283,80.999,
Track3_noNarrator,pau,11.974,12.111,0.137,328.283,37.829,
Track3_noNarrator,np,12.111,13.902,1.791,328.283,79.880,
Track3_noNarrator,pau,13.902,14.000,0.097,328.283,30.938,
Track3_noNarrator,in,14.000,14.313,0.313,328.283,43.099,
Track3_noNarrator,pau,14.313,14.392,0.079,328.283,32.268,
Track3_noNarrator,np,14.392,14.716,0.324,328.283,76.827,
Track3_noNarrator,pau,14.716,14.792,0.076,328.283,34.100,
Track3_noNarrator,np,14.792,17.702,2.910,328.283,77.875,
Track3_noNarrator,pau,17.702,17.763,0.061,328.283,40.027,
Track3_noNarrator,in,17.763,18.163,0.400,328.283,41.231,
Track3_noNarrator,pau,18.163,18.235,0.072,328.283,36.196,
Track3_noNarrator,np,18.235,19.164,0.929,328.283,80.030,
Track3_noNarrator,pau,19.164,19.268,0.104,328.283,38.730,
Track3_noNarrator,uh,19.268,19.578,0.310,328.283,80.620,
Track3_noNarrator,np,19.578,22.999,3.422,328.283,79.315,
Track3_noNarrator,in,22.999,23.190,0.191,328.283,42.811,
Track3_noNarrator,pau,23.190,23.262,0.072,328.283,38.401,
Track3_noNarrator,np,23.262,25.534,2.271,328.283,78.669,
Track3_noNarrator,pau,25.534,25.840,0.306,328.283,30.150,
Track3_noNarrator,in,25.840,26.365,0.526,328.283,43.688,
Track3_noNarrator,pau,26.365,26.399,0.034,328.283,33.645,
Track3_noNarrator,np,26.399,31.498,5.099,328.283,79.171,
Track3_noNarrator,in,31.498,31.926,0.428,328.283,37.950,
Track3_noNarrator,pau,31.926,32.074,0.148,328.283,39.823,
Track3_noNarrator,np,32.074,32.366,0.292,328.283,80.517,
Track3_noNarrator,cl,32.366,32.412,0.047,328.283,41.803,
Track3_noNarrator,pau,32.412,32.520,0.108,328.283,35.029,
Track3_noNarrator,np,32.520,35.194,2.673,328.283,79.623,
Track3_noNarrator,in,35.194,35.475,0.281,328.283,47.439,
Track3_noNarrator,np,35.475,38.171,2.697,328.283,79.225,
Track3_noNarrator,pau,38.171,38.341,0.169,328.283,43.864,
Track3_noNarrator,np,38.341,39.860,1.519,328.283,79.314,
Track3_noNarrator,pau,39.860,40.040,0.180,328.283,27.723,
Track3_noNarrator,in,40.040,40.278,0.239,328.283,36.979,
Track3_noNarrator,np,40.278,41.859,1.581,328.283,79.261,
Track3_noNarrator,pau,41.859,41.982,0.123,328.283,31.030,
Track3_noNarrator,in,41.982,42.228,0.246,328.283,40.899,
Track3_noNarrator,pau,42.228,42.255,0.027,328.283,37.652,
Track3_noNarrator,np,42.255,42.546,0.291,328.283,80.367,
Track3_noNarrator,pau,42.546,42.607,0.062,328.283,33.718,
Track3_noNarrator,np,42.607,43.981,1.374,328.283,79.226,
Track3_noNarrator,pau,43.981,44.116,0.134,328.283,39.439,
Track3_noNarrator,np,44.116,45.241,1.126,328.283,80.132,
Track3_noNarrator,pau,45.241,45.311,0.070,328.283,38.480,
Track3_noNarrator,np,45.311,45.971,0.660,328.283,78.931,
Track3_noNarrator,pau,45.971,46.125,0.154,328.283,32.201,
Track3_noNarrator,in,46.125,46.676,0.551,328.283,34.729,
Track3_noNarrator,pau,46.676,46.732,0.056,328.283,30.452,
Track3_noNarrator,cl,46.732,46.756,0.024,328.283,44.515,
Track3_noNarrator,np,46.756,47.174,0.418,328.283,80.282,
Track3_noNarrator,pau,47.174,47.214,0.041,328.283,38.223,
Track3_noNarrator,np,47.214,50.915,3.701,328.283,78.875,
Track3_noNarrator,pau,50.915,51.024,0.109,328.283,30.284,
Track3_noNarrator,in,51.024,51.256,0.232,328.283,40.699,
Track3_noNarrator,pau,51.256,51.280,0.024,328.283,33.596,
Track3_noNarrator,np,51.280,51.761,0.481,328.283,81.567,
Track3_noNarrator,pau,51.761,51.790,0.029,328.283,39.577,
Track3_noNarrator,np,51.790,53.600,1.810,328.283,78.065,
Track3_noNarrator,cl,53.600,53.624,0.024,328.283,41.538,
Track3_noNarrator,in,53.624,53.980,0.356,328.283,38.015,
Track3_noNarrator,pau,53.980,54.055,0.075,328.283,33.946,
Track3_noNarrator,np,54.055,58.220,4.165,328.283,79.535,
Track3_noNarrator,pau,58.220,59.019,0.799,328.283,26.226,
Track3_noNarrator,in,59.019,59.560,0.541,328.283,31.161,
Track3_noNarrator,cl,59.560,59.579,0.019,328.283,45.102,
Track3_noNarrator,pau,59.579,59.625,0.045,328.283,29.091,
Track3_noNarrator,cl,59.625,59.686,0.062,328.283,41.391,
Track3_noNarrator,np,59.686,60.027,0.340,328.283,75.577,
Track3_noNarrator,pau,60.027,60.208,0.181,328.283,22.835,
Track3_noNarrator,in,60.208,60.612,0.403,328.283,37.224,
Track3_noNarrator,np,60.612,64.150,3.538,328.283,80.116,
Track3_noNarrator,in,64.150,64.670,0.520,328.283,33.382,
Track3_noNarrator,pau,64.670,65.085,0.415,328.283,24.151,
Track3_noNarrator,cl,65.085,65.098,0.013,328.283,32.483,
Track3_noNarrator,np,65.098,65.469,0.371,328.283,81.806,
Track3_noNarrator,pau,65.469,65.501,0.032,328.283,37.179,
Track3_noNarrator,uh,65.501,65.804,0.303,328.283,77.760,
Track3_noNarrator,np,65.804,66.702,0.898,328.283,79.958,
Track3_noNarrator,pau,66.702,66.884,0.181,328.283,38.814,
Track3_noNarrator,np,66.884,67.772,0.888,328.283,79.824,
Track3_noNarrator,pau,67.772,67.890,0.118,328.283,38.481,
Track3_noNarrator,np,67.890,68.837,0.947,328.283,77.703,
Track3_noNarrator,ex,68.837,68.957,0.120,328.283,48.685,
Track3_noNarrator,pau,68.957,69.406,0.449,328.283,28.354,
Track3_noNarrator,np,69.406,70.244,0.838,328.283,77.378,
Track3_noNarrator,pau,70.244,70.328,0.084,328.283,36.385,
Track3_noNarrator,np,70.328,74.923,4.595,328.283,78.954,
Track3_noNarrator,cl,74.923,74.975,0.052,328.283,37.146,
Track3_noNarrator,in,74.975,75.291,0.316,328.283,37.058,
Track3_noNarrator,np,75.291,76.512,1.221,328.283,78.371,
Track3_noNarrator,pau,76.512,76.640,0.128,328.283,37.963,
Track3_noNarrator,np,76.640,77.621,0.981,328.283,77.007,
Track3_noNarrator,pau,77.621,78.410,0.789,328.283,36.505,
Track3_noNarrator,np,78.410,79.998,1.588,328.283,79.290,
Track3_noNarrator,in,79.998,80.307,0.309,328.283,45.559,
Track3_noNarrator,pau,80.307,80.367,0.060,328.283,44.596,
Track3_noNarrator,np,80.367,84.130,3.763,328.283,78.225,
Track3_noNarrator,pau,84.130,84.192,0.062,328.283,32.709,
Track3_noNarrator,in,84.192,84.799,0.607,328.283,38.626,
Track3_noNarrator,pau,84.799,84.859,0.060,328.283,28.006,
Track3_noNarrator,uh,84.859,85.205,0.346,328.283,79.277,
Track3_noNarrator,np,85.205,87.860,2.655,328.283,80.245,
Track3_noNarrator,in,87.860,88.297,0.437,328.283,39.465,
Track3_noNarrator,np,88.297,91.812,3.515,328.283,80.974,
Track3_noNarrator,in,91.812,92.361,0.549,328.283,39.418,
Track3_noNarrator,pau,92.361,92.418,0.057,328.283,31.990,
Track3_noNarrator,np,92.418,96.675,4.257,328.283,80.163,
Track3_noNarrator,pau,96.675,97.394,0.719,328.283,36.147,
Track3_noNarrator,np,97.394,97.673,0.279,328.283,80.717,
Track3_noNarrator,pau,97.673,97.721,0.049,328.283,37.323,
Track3_noNarrator,np,97.721,99.475,1.753,328.283,79.496,
Track3_noNarrator,in,99.475,99.830,0.355,328.283,43.694,
Track3_noNarrator,pau,99.830,99.878,0.048,328.283,34.177,
Track3_noNarrator,np,99.878,102.960,3.082,328.283,78.997,
Track3_noNarrator,pau,102.960,103.132,0.172,328.283,33.652,
Track3_noNarrator,np,103.132,104.317,1.186,328.283,79.029,
Track3_noNarrator,pau,104.317,104.409,0.092,328.283,33.067,
Track3_noNarrator,in,104.409,105.121,0.711,328.283,41.063,
Track3_noNarrator,np,105.121,106.638,1.518,328.283,78.907,
Track3_noNarrator,uh,106.638,106.940,0.301,328.283,79.924,
Track3_noNarrator,np,106.940,107.544,0.604,328.283,80.694,
Track3_noNarrator,pau,107.544,107.583,0.039,328.283,37.833,
Track3_noNarrator,np,107.583,110.858,3.275,328.283,79.260,
Track3_noNarrator,in,110.858,111.291,0.433,328.283,40.368,
Track3_noNarrator,np,111.291,112.086,0.795,328.283,81.091,
Track3_noNarrator,pau,112.086,112.117,0.031,328.283,26.436,
Track3_noNarrator,in,112.117,112.475,0.358,328.283,40.994,
Track3_noNarrator,pau,112.475,112.531,0.057,328.283,32.034,
Track3_noNarrator,np,112.531,115.600,3.068,328.283,79.009,
Track3_noNarrator,pau,115.600,115.647,0.047,328.283,31.325,
Track3_noNarrator,in,115.647,116.071,0.425,328.283,39.936,
Track3_noNarrator,pau,116.071,116.119,0.048,328.283,33.617,
Track3_noNarrator,cl,116.119,116.126,0.007,328.283,40.003,
Track3_noNarrator,np,116.126,118.715,2.588,328.283,80.657,
Track3_noNarrator,um,118.715,119.053,0.339,328.283,76.755,
Track3_noNarrator,np,119.053,119.640,0.587,328.283,79.566,
Track3_noNarrator,pau,119.640,119.692,0.052,328.283,38.364,
Track3_noNarrator,np,119.692,122.726,3.033,328.283,79.720,
Track3_noNarrator,pau,122.726,122.769,0.044,328.283,33.957,
Track3_noNarrator,in,122.769,123.586,0.817,328.283,36.772,
Track3_noNarrator,np,123.586,127.726,4.140,328.283,78.637,
Track3_noNarrator,pau,127.726,128.494,0.768,328.283,24.948,
Track3_noNarrator,cl,128.494,128.622,0.128,328.283,28.623,
Track3_noNarrator,in,128.622,129.309,0.687,328.283,39.424,
Track3_noNarrator,pau,129.309,129.349,0.041,328.283,35.325,
Track3_noNarrator,np,129.349,129.945,0.595,328.283,81.788,
Track3_noNarrator,pau,129.945,130.002,0.057,328.283,37.814,
Track3_noNarrator,np,130.002,132.751,2.750,328.283,79.248,
Track3_noNarrator,in,132.751,132.862,0.110,328.283,40.088,
Track3_noNarrator,pau,132.862,132.925,0.063,328.283,37.948,
Track3_noNarrator,np,132.925,134.322,1.397,328.283,80.644,
Track3_noNarrator,pau,134.322,134.439,0.117,328.283,37.881,
Track3_noNarrator,np,134.439,135.126,0.687,328.283,78.061,
Track3_noNarrator,pau,135.126,135.589,0.463,328.283,30.379,
Track3_noNarrator,np,135.589,137.713,2.123,328.283,77.893,
Track3_noNarrator,pau,137.713,137.849,0.136,328.283,30.571,
Track3_noNarrator,in,137.849,138.160,0.311,328.283,46.175,
Track3_noNarrator,cl,138.160,138.189,0.029,328.283,42.194,
Track3_noNarrator,np,138.189,138.771,0.582,328.283,82.518,
Track3_noNarrator,cl,138.771,138.788,0.018,328.283,44.408,
Track3_noNarrator,pau,138.788,138.837,0.049,328.283,43.346,
Track3_noNarrator,np,138.837,138.980,0.143,328.283,76.975,
Track3_noNarrator,pau,138.980,139.051,0.071,328.283,33.493,
Track3_noNarrator,np,139.051,141.128,2.077,328.283,81.279,
Track3_noNarrator,pau,141.128,141.158,0.031,328.283,31.118,
Track3_noNarrator,in,141.158,141.371,0.212,328.283,42.791,
Track3_noNarrator,np,141.371,143.071,1.700,328.283,79.071,
Track3_noNarrator,pau,143.071,143.126,0.055,328.283,37.772,
Track3_noNarrator,np,143.126,146.753,3.627,328.283,78.124,
Track3_noNarrator,cl,146.753,146.782,0.029,328.283,54.435,
Track3_noNarrator,pau,146.782,146.972,0.190,328.283,32.011,
Track3_noNarrator,in,146.972,147.586,0.614,328.283,38.532,
Track3_noNarrator,np,147.586,152.596,5.009,328.283,78.743,
Track3_noNarrator,pau,152.596,152.711,0.115,328.283,34.898,
Track3_noNarrator,np,152.711,153.234,0.523,328.283,81.681,
Track3_noNarrator,pau,153.234,153.313,0.079,328.283,42.557,
Track3_noNarrator,np,153.313,154.129,0.815,328.283,79.687,
Track3_noNarrator,cl,154.129,154.161,0.032,328.283,30.117,
Track3_noNarrator,in,154.161,154.584,0.423,328.283,38.283,
Track3_noNarrator,pau,154.584,154.637,0.053,328.283,27.126,
Track3_noNarrator,np,154.637,158.473,3.835,328.283,79.082,
Track3_noNarrator,cl,158.473,158.488,0.015,328.283,42.864,
Track3_noNarrator,pau,158.488,158.554,0.066,328.283,27.023,
Track3_noNarrator,in,158.554,158.753,0.199,328.283,35.348,
Track3_noNarrator,pau,158.753,158.815,0.062,328.283,34.540,
Track3_noNarrator,np,158.815,161.087,2.272,328.283,79.924,
Track3_noNarrator,pau,161.087,162.051,0.964,328.283,34.854,
Track3_noNarrator,np,162.051,162.605,0.554,328.283,80.492,
Track3_noNarrator,pau,162.605,162.731,0.126,328.283,34.496,
Track3_noNarrator,np,162.731,163.232,0.501,328.283,79.809,
Track3_noNarrator,in,163.232,163.370,0.138,328.283,48.029,
Track3_noNarrator,pau,163.370,163.454,0.084,328.283,44.384,
Track3_noNarrator,np,163.454,164.469,1.015,328.283,79.399,
Track3_noNarrator,pau,164.469,164.506,0.037,328.283,40.058,
Track3_noNarrator,np,164.506,165.075,0.569,328.283,75.503,
Track3_noNarrator,pau,165.075,165.216,0.141,328.283,30.458,
Track3_noNarrator,in,165.216,165.545,0.329,328.283,46.360,
Track3_noNarrator,pau,165.545,165.569,0.024,328.283,26.476,
Track3_noNarrator,np,165.569,166.745,1.176,328.283,79.589,
Track3_noNarrator,pau,166.745,166.836,0.091,328.283,35.329,
Track3_noNarrator,np,166.836,168.142,1.306,328.283,76.239,
Track3_noNarrator,pau,168.142,168.577,0.436,328.283,24.680,
Track3_noNarrator,np,168.577,168.944,0.367,328.283,81.325,
Track3_noNarrator,pau,168.944,169.108,0.164,328.283,38.516,
Track3_noNarrator,np,169.108,169.333,0.225,328.283,81.090,
Track3_noNarrator,pau,169.333,169.390,0.057,328.283,35.111,
Track3_noNarrator,np,169.390,169.876,0.486,328.283,79.535,
Track3_noNarrator,pau,169.876,169.954,0.078,328.283,32.263,
Track3_noNarrator,np,169.954,173.110,3.156,328.283,79.320,
Track3_noNarrator,in,173.110,173.692,0.582,328.283,39.898,
Track3_noNarrator,np,173.692,175.876,2.184,328.283,79.245,
Track3_noNarrator,pau,175.876,175.970,0.094,328.283,41.195,
Track3_noNarrator,np,175.970,176.323,0.353,328.283,78.590,
Track3_noNarrator,pau,176.323,176.385,0.062,328.283,34.651,
Track3_noNarrator,np,176.385,178.377,1.993,328.283,78.469,
Track3_noNarrator,pau,178.377,178.632,0.254,328.283,22.874,
Track3_noNarrator,in,178.632,179.040,0.408,328.283,35.146,
Track3_noNarrator,cl,179.040,179.074,0.034,328.283,36.346,
Track3_noNarrator,np,179.074,180.312,1.238,328.283,77.919,
Track3_noNarrator,in,180.312,180.563,0.251,328.283,42.398,
Track3_noNarrator,pau,180.563,180.609,0.045,328.283,37.382,
Track3_noNarrator,np,180.609,184.528,3.919,328.283,79.333,
Track3_noNarrator,in,184.528,184.789,0.261,328.283,46.466,
Track3_noNarrator,pau,184.789,184.815,0.026,328.283,39.831,
Track3_noNarrator,np,184.815,187.056,2.241,328.283,79.646,
Track3_noNarrator,pau,187.056,187.075,0.019,328.283,30.225,
Track3_noNarrator,in,187.075,187.419,0.343,328.283,41.211,
Track3_noNarrator,np,187.419,190.447,3.028,328.283,79.004,
Track3_noNarrator,pau,190.447,190.860,0.413,328.283,24.697,
Track3_noNarrator,in,190.860,191.116,0.256,328.283,46.959,
Track3_noNarrator,pau,191.116,191.157,0.041,328.283,34.840,
Track3_noNarrator,np,191.157,193.559,2.403,328.283,79.216,
Track3_noNarrator,pau,193.559,194.086,0.527,328.283,33.142,
Track3_noNarrator,cl,194.086,194.105,0.019,328.283,37.027,
Track3_noNarrator,np,194.105,199.387,5.282,328.283,78.851,
Track3_noNarrator,pau,199.387,199.489,0.102,328.283,37.370,
Track3_noNarrator,in,199.489,200.185,0.695,328.283,42.900,
Track3_noNarrator,pau,200.185,200.210,0.026,328.283,33.169,
Track3_noNarrator,np,200.210,200.558,0.347,328.283,79.903,
Track3_noNarrator,pau,200.558,200.611,0.053,328.283,39.130,
Track3_noNarrator,np,200.611,203.236,2.625,328.283,79.006,
Track3_noNarrator,in,203.236,203.536,0.300,328.283,42.328,
Track3_noNarrator,pau,203.536,203.614,0.078,328.283,34.945,
Track3_noNarrator,np,203.614,203.870,0.256,328.283,79.635,
Track3_noNarrator,pau,203.870,203.940,0.070,328.283,37.439,
Track3_noNarrator,np,203.940,207.260,3.320,328.283,77.580,
Track3_noNarrator,in,207.260,207.521,0.261,328.283,38.263,
Track3_noNarrator,pau,207.521,207.611,0.091,328.283,29.635,
Track3_noNarrator,cl,207.611,207.631,0.019,328.283,33.502,
Track3_noNarrator,np,207.631,207.839,0.208,328.283,82.246,
Track3_noNarrator,pau,207.839,207.899,0.060,328.283,33.476,
Track3_noNarrator,np,207.899,209.157,1.258,328.283,80.018,
Track3_noNarrator,pau,209.157,209.833,0.676,328.283,27.324,
Track3_noNarrator,np,209.833,210.496,0.663,328.283,78.159,
Track3_noNarrator,in,210.496,210.838,0.342,328.283,41.109,
Track3_noNarrator,pau,210.838,210.899,0.062,328.283,32.357,
Track3_noNarrator,np,210.899,214.222,3.323,328.283,78.918,
Track3_noNarrator,pau,214.222,214.528,0.306,328.283,34.875,
Track3_noNarrator,np,214.528,217.088,2.560,328.283,78.116,
Track3_noNarrator,in,217.088,217.700,0.612,328.283,39.591,
Track3_noNarrator,pau,217.700,217.781,0.081,328.283,24.463,
Track3_noNarrator,np,217.781,221.384,3.603,328.283,78.933,
Track3_noNarrator,pau,221.384,221.426,0.042,328.283,43.115,
Track3_noNarrator,np,221.426,221.846,0.420,328.283,74.920,
Track3_noNarrator,pau,221.846,222.227,0.381,328.283,32.559,
Track3_noNarrator,np,222.227,223.800,1.573,328.283,77.872,
Track3_noNarrator,pau,223.800,223.981,0.181,328.283,26.463,
Track3_noNarrator,in,223.981,224.595,0.614,328.283,42.500,
Track3_noNarrator,pau,224.595,224.623,0.028,328.283,37.753,
Track3_noNarrator,np,224.623,226.481,1.858,328.283,79.682,
Track3_noNarrator,in,226.481,226.779,0.298,328.283,44.476,
Track3_noNarrator,pau,226.779,226.871,0.092,328.283,28.456,
Track3_noNarrator,np,226.871,229.983,3.112,328.283,79.329,
Track3_noNarrator,pau,229.983,230.123,0.139,328.283,29.270,
Track3_noNarrator,in,230.123,230.392,0.269,328.283,35.869,
Track3_noNarrator,pau,230.392,230.429,0.037,328.283,32.918,
Track3_noNarrator,np,230.429,232.053,1.624,328.283,78.296,
Track3_noNarrator,pau,232.053,232.369,0.316,328.283,23.591,
Track3_noNarrator,in,232.369,232.743,0.374,328.283,37.832,
Track3_noNarrator,in,232.743,232.785,0.042,328.283,31.162,
Track3_noNarrator,np,232.785,236.150,3.364,328.283,79.880,
Track3_noNarrator,pau,236.150,236.182,0.032,328.283,36.190,
Track3_noNarrator,in,236.182,236.420,0.238,328.283,36.996,
Track3_noNarrator,pau,236.420,236.462,0.042,328.283,29.161,
Track3_noNarrator,np,236.462,237.556,1.094,328.283,79.999,
Track3_noNarrator,pau,237.556,237.589,0.032,328.283,36.888,
Track3_noNarrator,in,237.589,237.767,0.178,328.283,34.085,
Track3_noNarrator,pau,237.767,238.297,0.530,328.283,26.229,
Track3_noNarrator,ex,238.297,238.509,0.212,328.283,34.747,
Track3_noNarrator,np,238.509,239.791,1.281,328.283,78.947,
Track3_noNarrator,pau,239.791,239.831,0.041,328.283,29.780,
Track3_noNarrator,in,239.831,240.136,0.305,328.283,40.895,
Track3_noNarrator,pau,240.136,240.194,0.058,328.283,35.131,
Track3_noNarrator,np,240.194,242.269,2.075,328.283,79.235,
Track3_noNarrator,pau,242.269,242.323,0.053,328.283,28.543,
Track3_noNarrator,in,242.323,242.621,0.298,328.283,41.412,
Track3_noNarrator,pau,242.621,242.708,0.087,328.283,29.331,
Track3_noNarrator,np,242.708,244.337,1.629,328.283,79.179,
Track3_noNarrator,pau,244.337,244.418,0.081,328.283,36.757,
Track3_noNarrator,np,244.418,245.782,1.363,328.283,76.562,
Track3_noNarrator,pau,245.782,245.843,0.062,328.283,34.549,
Track3_noNarrator,in,245.843,246.130,0.287,328.283,42.075,
Track3_noNarrator,pau,246.130,246.201,0.071,328.283,40.665,
Track3_noNarrator,np,246.201,249.547,3.346,328.283,79.025,
Track3_noNarrator,pau,249.547,250.589,1.042,328.283,21.674,
Track3_noNarrator,np,250.589,250.997,0.408,328.283,44.335,
Track3_noNarrator,pau,250.997,251.058,0.062,328.283,36.269,
Track3_noNarrator,np,251.058,253.139,2.080,328.283,80.010,
Track3_noNarrator,ex,253.139,253.215,0.076,328.283,45.460,
Track3_noNarrator,pau,253.215,253.332,0.117,328.283,39.655,
Track3_noNarrator,cl,253.332,253.366,0.034,328.283,40.958,
Track3_noNarrator,pau,253.366,253.395,0.029,328.283,36.835,
Track3_noNarrator,np,253.395,254.797,1.402,328.283,77.300,
Track3_noNarrator,pau,254.797,255.230,0.433,328.283,29.677,
Track3_noNarrator,np,255.230,255.607,0.377,328.283,77.643,
Track3_noNarrator,uh,255.607,255.906,0.300,328.283,78.857,
Track3_noNarrator,pau,255.906,255.950,0.044,328.283,40.163,
Track3_noNarrator,np,255.950,256.697,0.747,328.283,77.935,
Track3_noNarrator,pau,256.697,256.734,0.037,328.283,32.581,
Track3_noNarrator,in,256.734,256.977,0.243,328.283,43.030,
Track3_noNarrator,pau,256.977,257.002,0.024,328.283,36.697,
Track3_noNarrator,np,257.002,257.553,0.551,328.283,81.809,
Track3_noNarrator,pau,257.553,257.577,0.024,328.283,26.468,
Track3_noNarrator,in,257.577,257.812,0.235,328.283,46.773,
Track3_noNarrator,pau,257.812,257.838,0.026,328.283,41.569,
Track3_noNarrator,np,257.838,259.972,2.133,328.283,79.731,
Track3_noNarrator,pau,259.972,260.006,0.034,328.283,29.354,
Track3_noNarrator,in,260.006,260.347,0.342,328.283,38.562,
Track3_noNarrator,pau,260.347,260.401,0.053,328.283,31.367,
Track3_noNarrator,np,260.401,264.924,4.523,328.283,78.515,
Track3_noNarrator,pau,264.924,265.236,0.313,328.283,33.645,
Track3_noNarrator,np,265.236,265.701,0.465,328.283,78.203,
Track3_noNarrator,pau,265.701,265.748,0.047,328.283,34.718,
Track3_noNarrator,np,265.748,267.064,1.316,328.283,77.369,
Track3_noNarrator,pau,267.064,267.114,0.050,328.283,25.975,
Track3_noNarrator,in,267.114,267.819,0.704,328.283,38.510,
Track3_noNarrator,pau,267.819,267.866,0.047,328.283,34.149,
Track3_noNarrator,np,267.866,272.599,4.733,328.283,78.389,
Track3_noNarrator,pau,272.599,272.635,0.036,328.283,29.377,
Track3_noNarrator,in,272.635,273.157,0.522,328.283,39.144,
Track3_noNarrator,pau,273.157,273.201,0.044,328.283,37.605,
Track3_noNarrator,np,273.201,274.554,1.354,328.283,79.009,
Track3_noNarrator,in,274.554,274.762,0.207,328.283,45.237,
Track3_noNarrator,pau,274.762,274.867,0.105,328.283,34.956,
Track3_noNarrator,np,274.867,276.326,1.459,328.283,78.394,
Track3_noNarrator,pau,276.326,277.251,0.924,328.283,32.298,
Track3_noNarrator,np,277.251,278.586,1.335,328.283,80.280,
Track3_noNarrator,in,278.586,278.774,0.188,328.283,43.105,
Track3_noNarrator,pau,278.774,278.856,0.083,328.283,37.818,
Track3_noNarrator,np,278.856,279.706,0.850,328.283,77.881,
Track3_noNarrator,pau,279.706,279.818,0.112,328.283,46.729,
Track3_noNarrator,np,279.818,281.079,1.261,328.283,78.625,
Track3_noNarrator,pau,281.079,281.553,0.475,328.283,25.557,
Track3_noNarrator,np,281.553,282.190,0.637,328.283,78.528,
Track3_noNarrator,pau,282.190,282.255,0.065,328.283,33.950,
Track3_noNarrator,np,282.255,283.196,0.941,328.283,81.012,
Track3_noNarrator,pau,283.196,283.484,0.288,328.283,34.479,
Track3_noNarrator,np,283.484,283.845,0.361,328.283,81.475,
Track3_noNarrator,pau,283.845,284.041,0.196,328.283,40.105,
Track3_noNarrator,np,284.041,285.091,1.050,328.283,76.909,
Track3_noNarrator,pau,285.091,285.170,0.079,328.283,28.432,
Track3_noNarrator,in,285.170,285.613,0.442,328.283,40.056,
Track3_noNarrator,np,285.613,286.009,0.396,328.283,80.966,
Track3_noNarrator,pau,286.009,286.090,0.081,328.283,45.112,
Track3_noNarrator,np,286.090,287.457,1.367,328.283,80.372,
Track3_noNarrator,pau,287.457,287.495,0.037,328.283,41.684,
Track3_noNarrator,np,287.495,289.695,2.200,328.283,78.238,
Track3_noNarrator,pau,289.695,289.881,0.186,328.283,29.068,
Track3_noNarrator,in,289.881,290.708,0.826,328.283,33.535,
Track3_noNarrator,pau,290.708,290.756,0.049,328.283,33.196,
Track3_noNarrator,np,290.756,291.227,0.471,328.283,80.548,
Track3_noNarrator,pau,291.227,291.551,0.324,328.283,38.522,
Track3_noNarrator,uh,291.551,291.708,0.157,328.283,74.948,
Track3_noNarrator,np,291.708,293.290,1.581,328.283,78.055,
Track3_noNarrator,pau,293.290,293.426,0.136,328.283,38.001,
Track3_noNarrator,np,293.426,294.363,0.937,328.283,78.177,
Track3_noNarrator,pau,294.363,294.504,0.141,328.283,40.593,
Track3_noNarrator,np,294.504,295.931,1.427,328.283,79.937,
Track3_noNarrator,pau,295.931,296.244,0.313,328.283,24.498,
Track3_noNarrator,in,296.244,296.550,0.306,328.283,43.399,
Track3_noNarrator,pau,296.550,296.581,0.031,328.283,31.286,
Track3_noNarrator,np,296.581,297.941,1.360,328.283,81.442,
Track3_noNarrator,pau,297.941,298.213,0.272,328.283,30.421,
Track3_noNarrator,in,298.213,298.386,0.173,328.283,36.203,
Track3_noNarrator,pau,298.386,298.459,0.073,328.283,33.209,
Track3_noNarrator,np,298.459,299.620,1.160,328.283,78.607,
Track3_noNarrator,pau,299.620,299.709,0.089,328.283,42.146,
Track3_noNarrator,np,299.709,301.557,1.848,328.283,79.778,
Track3_noNarrator,pau,301.557,302.554,0.996,328.283,35.099,
Track3_noNarrator,np,302.554,307.058,4.504,328.283,78.097,
Track3_noNarrator,pau,307.058,307.537,0.480,328.283,32.035,
Track3_noNarrator,np,307.537,307.910,0.373,328.283,79.741,
Track3_noNarrator,pau,307.910,308.151,0.241,328.283,40.059,
Track3_noNarrator,np,308.151,308.911,0.760,328.283,77.081,
Track3_noNarrator,in,308.911,309.143,0.232,328.283,37.843,
Track3_noNarrator,pau,309.143,309.264,0.122,328.283,32.693,
Track3_noNarrator,np,309.264,310.769,1.505,328.283,79.981,
Track3_noNarrator,pau,310.769,310.949,0.180,328.283,39.209,
Track3_noNarrator,np,310.949,312.677,1.728,328.283,77.708,
Track3_noNarrator,in,312.677,312.892,0.215,328.283,51.354,
Track3_noNarrator,pau,312.892,312.965,0.073,328.283,41.967,
Track3_noNarrator,np,312.965,315.387,2.422,328.283,78.940,
Track3_noNarrator,pau,315.387,315.492,0.105,328.283,38.007,
Track3_noNarrator,np,315.492,319.234,3.742,328.283,77.417,
Track3_noNarrator,pau,319.234,319.296,0.062,328.283,30.787,
Track3_noNarrator,in,319.296,319.813,0.517,328.283,40.993,
Track3_noNarrator,pau,319.813,319.845,0.032,328.283,36.187,
Track3_noNarrator,np,319.845,320.346,0.500,328.283,79.195,
Track3_noNarrator,pau,320.346,320.407,0.062,328.283,40.326,
Track3_noNarrator,np,320.407,321.033,0.625,328.283,78.353,
Track3_noNarrator,pau,321.033,321.162,0.130,328.283,34.835,
Track3_noNarrator,cl,321.162,321.204,0.042,328.283,41.721,
Track3_noNarrator,np,321.204,324.468,3.264,328.283,79.197,
Track3_noNarrator,in,324.468,324.721,0.253,328.283,37.740,
Track3_noNarrator,pau,324.721,324.882,0.160,328.283,30.593,
Track3_noNarrator,np,324.882,328.283,3.402,328.283,77.579,
Track7_noNarrator,np,0,2.861,2.861,264.495,80.238,
Track7_noNarrator,pau,2.861,3.036,0.175,264.495,37.616,
Track7_noNarrator,np,3.036,6.775,3.739,264.495,79.900,
Track7_noNarrator,pau,6.775,7.349,0.574,264.495,34.591,
Track7_noNarrator,np,7.349,10.890,3.541,264.495,80.032,
Track7_noNarrator,pau,10.890,11.656,0.766,264.495,32.776,
Track7_noNarrator,np,11.656,12.005,0.349,264.495,82.885,
Track7_noNarrator,pau,12.005,12.061,0.056,264.495,42.715,
Track7_noNarrator,np,12.061,17.370,5.310,264.495,80.665,
Track7_noNarrator,pau,17.370,17.561,0.191,264.495,30.435,
Track7_noNarrator,in,17.561,17.777,0.216,264.495,41.238,
Track7_noNarrator,pau,17.777,17.887,0.110,264.495,26.584,
Track7_noNarrator,np,17.887,19.953,2.066,264.495,80.230,
Track7_noNarrator,pau,19.953,20.138,0.185,264.495,31.082,
Track7_noNarrator,np,20.138,22.189,2.051,264.495,78.641,
Track7_noNarrator,pau,22.189,22.213,0.023,264.495,29.324,
Track7_noNarrator,in,22.213,22.605,0.392,264.495,40.985,
Track7_noNarrator,pau,22.605,22.690,0.085,264.495,25.315,
Track7_noNarrator,np,22.690,23.889,1.200,264.495,80.594,
Track7_noNarrator,pau,23.889,24.491,0.601,264.495,25.434,
Track7_noNarrator,in,24.491,24.791,0.301,264.495,44.561,
Track7_noNarrator,pau,24.791,24.815,0.023,264.495,23.816,
Track7_noNarrator,np,24.815,26.666,1.851,264.495,79.347,
Track7_noNarrator,pau,26.666,26.733,0.067,264.495,39.017,
Track7_noNarrator,np,26.733,27.404,0.671,264.495,80.040,
Track7_noNarrator,pau,27.404,27.581,0.176,264.495,37.845,
Track7_noNarrator,np,27.581,28.837,1.256,264.495,79.459,
Track7_noNarrator,pau,28.837,29.721,0.884,264.495,29.901,
Track7_noNarrator,np,29.721,30.791,1.070,264.495,80.398,
Track7_noNarrator,pau,30.791,30.895,0.104,264.495,38.626,
Track7_noNarrator,np,30.895,32.970,2.075,264.495,78.195,
Track7_noNarrator,pau,32.970,33.005,0.034,264.495,39.483,
Track7_noNarrator,in,33.005,33.327,0.322,264.495,40.868,
Track7_noNarrator,pau,33.327,33.433,0.106,264.495,28.477,
Track7_noNarrator,np,33.433,37.857,4.424,264.495,80.059,
Track7_noNarrator,pau,37.857,37.916,0.059,264.495,32.673,
Track7_noNarrator,in,37.916,38.276,0.360,264.495,38.900,
Track7_noNarrator,pau,38.276,38.380,0.104,264.495,33.599,
Track7_noNarrator,np,38.380,42.259,3.879,264.495,79.848,
Track7_noNarrator,pau,42.259,43.131,0.871,264.495,21.947,
Track7_noNarrator,uh,43.131,43.458,0.328,264.495,79.315,
Track7_noNarrator,np,43.458,46.446,2.988,264.495,80.133,
Track7_noNarrator,pau,46.446,46.812,0.365,264.495,26.571,
Track7_noNarrator,in,46.812,47.399,0.587,264.495,47.970,
Track7_noNarrator,np,47.399,48.394,0.995,264.495,80.140,
Track7_noNarrator,pau,48.394,48.504,0.110,264.495,39.028,
Track7_noNarrator,np,48.504,50.989,2.486,264.495,81.018,
Track7_noNarrator,pau,50.989,51.067,0.077,264.495,35.284,
Track7_noNarrator,uh,51.067,51.610,0.543,264.495,72.882,
Track7_noNarrator,np,51.610,54.322,2.713,264.495,79.818,
Track7_noNarrator,pau,54.322,54.364,0.041,264.495,34.897,
Track7_noNarrator,in,54.364,54.551,0.187,264.495,39.142,
Track7_noNarrator,pau,54.551,54.580,0.029,264.495,31.289,
Track7_noNarrator,np,54.580,56.783,2.203,264.495,78.501,
Track7_noNarrator,in,56.783,57.237,0.454,264.495,42.083,
Track7_noNarrator,pau,57.237,57.302,0.065,264.495,35.762,
Track7_noNarrator,np,57.302,59.956,2.654,264.495,80.058,
Track7_noNarrator,pau,59.956,60.365,0.409,264.495,28.051,
Track7_noNarrator,in,60.365,60.649,0.284,264.495,42.242,
Track7_noNarrator,np,60.649,62.661,2.012,264.495,81.661,
Track7_noNarrator,in,62.661,62.958,0.297,264.495,40.167,
Track7_noNarrator,pau,62.958,62.994,0.036,264.495,36.044,
Track7_noNarrator,np,62.994,64.644,1.650,264.495,81.487,
Track7_noNarrator,ex,64.644,64.809,0.166,264.495,52.297,
Track7_noNarrator,np,64.809,64.849,0.040,264.495,38.303,
Track7_noNarrator,uh,64.849,65.211,0.362,264.495,76.770,
Track7_noNarrator,np,65.211,66.219,1.008,264.495,79.030,
Track7_noNarrator,pau,66.219,66.257,0.038,264.495,40.497,
Track7_noNarrator,in,66.257,66.529,0.272,264.495,45.830,
Track7_noNarrator,np,66.529,67.431,0.902,264.495,79.559,
Track7_noNarrator,pau,67.431,68.012,0.581,264.495,28.436,
Track7_noNarrator,in,68.012,68.226,0.214,264.495,49.622,
Track7_noNarrator,np,68.226,68.542,0.315,264.495,82.348,
Track7_noNarrator,pau,68.542,68.639,0.097,264.495,37.785,
Track7_noNarrator,np,68.639,70.692,2.053,264.495,80.303,
Track7_noNarrator,pau,70.692,70.932,0.239,264.495,36.336,
Track7_noNarrator,np,70.932,73.405,2.473,264.495,80.835,
Track7_noNarrator,pau,73.405,73.434,0.029,264.495,32.236,
Track7_noNarrator,in,73.434,73.760,0.326,264.495,38.220,
Track7_noNarrator,pau,73.760,73.925,0.166,264.495,30.888,
Track7_noNarrator,np,73.925,78.063,4.137,264.495,81.008,
Track7_noNarrator,pau,78.063,78.684,0.621,264.495,26.448,
Track7_noNarrator,in,78.684,78.966,0.283,264.495,46.057,
Track7_noNarrator,np,78.966,81.164,2.198,264.495,80.039,
Track7_noNarrator,pau,81.164,81.564,0.400,264.495,37.759,
Track7_noNarrator,np,81.564,82.694,1.130,264.495,79.995,
Track7_noNarrator,pau,82.694,82.771,0.077,264.495,35.956,
Track7_noNarrator,in,82.771,83.164,0.392,264.495,39.640,
Track7_noNarrator,pau,83.164,83.194,0.031,264.495,41.833,
Track7_noNarrator,np,83.194,86.582,3.388,264.495,80.186,
Track7_noNarrator,pau,86.582,86.807,0.225,264.495,35.550,
Track7_noNarrator,np,86.807,87.318,0.512,264.495,78.081,
Track7_noNarrator,pau,87.318,88.116,0.798,264.495,28.389,
Track7_noNarrator,in,88.116,88.469,0.353,264.495,44.120,
Track7_noNarrator,np,88.469,91.182,2.714,264.495,80.419,
Track7_noNarrator,pau,91.182,91.238,0.056,264.495,36.872,
Track7_noNarrator,np,91.238,92.792,1.554,264.495,80.041,
Track7_noNarrator,pau,92.792,93.489,0.697,264.495,22.219,
Track7_noNarrator,np,93.489,95.468,1.979,264.495,81.930,
Track7_noNarrator,pau,95.468,95.819,0.351,264.495,34.794,
Track7_noNarrator,np,95.819,98.697,2.878,264.495,80.537,
Track7_noNarrator,pau,98.697,99.327,0.630,264.495,33.941,
Track7_noNarrator,in,99.327,99.496,0.169,264.495,42.074,
Track7_noNarrator,pau,99.496,99.576,0.079,264.495,34.300,
Track7_noNarrator,np,99.576,101.354,1.779,264.495,79.469,
Track7_noNarrator,pau,101.354,101.412,0.058,264.495,39.358,
Track7_noNarrator,in,101.412,101.797,0.385,264.495,38.464,
Track7_noNarrator,pau,101.797,101.893,0.095,264.495,33.898,
Track7_noNarrator,np,101.893,103.329,1.436,264.495,80.326,
Track7_noNarrator,pau,103.329,104.076,0.747,264.495,30.569,
Track7_noNarrator,in,104.076,104.419,0.344,264.495,46.290,
Track7_noNarrator,np,104.419,107.398,2.979,264.495,81.674,
Track7_noNarrator,pau,107.398,107.685,0.286,264.495,34.190,
Track7_noNarrator,np,107.685,108.601,0.916,264.495,78.981,
Track7_noNarrator,pau,108.601,108.761,0.160,264.495,33.403,
Track7_noNarrator,np,108.761,110.122,1.361,264.495,78.074,
Track7_noNarrator,pau,110.122,110.142,0.020,264.495,40.259,
Track7_noNarrator,in,110.142,110.326,0.184,264.495,43.761,
Track7_noNarrator,np,110.326,113.242,2.916,264.495,80.798,
Track7_noNarrator,pau,113.242,113.540,0.299,264.495,35.138,
Track7_noNarrator,in,113.540,113.819,0.279,264.495,39.325,
Track7_noNarrator,pau,113.819,113.863,0.043,264.495,43.393,
Track7_noNarrator,np,113.863,115.720,1.857,264.495,79.132,
Track7_noNarrator,pau,115.720,116.072,0.353,264.495,33.350,
Track7_noNarrator,np,116.072,117.064,0.992,264.495,78.737,
Track7_noNarrator,pau,117.064,117.163,0.099,264.495,33.053,
Track7_noNarrator,np,117.163,117.946,0.783,264.495,77.076,
Track7_noNarrator,pau,117.946,118.692,0.745,264.495,23.174,
Track7_noNarrator,np,118.692,121.357,2.665,264.495,80.104,
Track7_noNarrator,pau,121.357,121.508,0.151,264.495,29.177,
Track7_noNarrator,in,121.508,121.703,0.194,264.495,36.847,
Track7_noNarrator,pau,121.703,121.755,0.052,264.495,36.506,
Track7_noNarrator,np,121.755,122.961,1.206,264.495,80.155,
Track7_noNarrator,pau,122.961,123.001,0.040,264.495,40.326,
Track7_noNarrator,np,123.001,125.486,2.486,264.495,79.602,
Track7_noNarrator,pau,125.486,125.913,0.427,264.495,26.987,
Track7_noNarrator,in,125.913,126.176,0.263,264.495,45.512,
Track7_noNarrator,np,126.176,127.182,1.006,264.495,79.664,
Track7_noNarrator,uh,127.182,127.675,0.493,264.495,78.114,
Track7_noNarrator,np,127.675,129.003,1.327,264.495,80.027,
Track7_noNarrator,pau,129.003,129.318,0.315,264.495,41.812,
Track7_noNarrator,uh,129.318,129.829,0.511,264.495,76.164,
Track7_noNarrator,np,129.829,130.994,1.165,264.495,80.171,
Track7_noNarrator,pau,130.994,131.057,0.063,264.495,44.599,
Track7_noNarrator,np,131.057,134.711,3.654,264.495,80.796,
Track7_noNarrator,pau,134.711,134.806,0.095,264.495,38.192,
Track7_noNarrator,in,134.806,135.165,0.358,264.495,44.748,
Track7_noNarrator,np,135.165,139.002,3.837,264.495,79.428,
Track7_noNarrator,pau,139.002,139.578,0.576,264.495,29.476,
Track7_noNarrator,in,139.578,139.947,0.369,264.495,50.925,
Track7_noNarrator,np,139.947,144.305,4.358,264.495,80.523,
Track7_noNarrator,pau,144.305,144.363,0.058,264.495,37.685,
Track7_noNarrator,in,144.363,144.628,0.265,264.495,42.118,
Track7_noNarrator,np,144.628,146.587,1.959,264.495,78.935,
Track7_noNarrator,pau,146.587,147.010,0.423,264.495,30.609,
Track7_noNarrator,in,147.010,147.287,0.277,264.495,49.756,
Track7_noNarrator,np,147.287,148.054,0.767,264.495,80.529,
Track7_noNarrator,in,148.054,148.324,0.270,264.495,45.345,
Track7_noNarrator,pau,148.324,148.367,0.043,264.495,41.231,
Track7_noNarrator,np,148.367,150.645,2.278,264.495,81.355,
Track7_noNarrator,pau,150.645,150.775,0.130,264.495,43.488,
Track7_noNarrator,np,150.775,152.252,1.477,264.495,80.034,
Track7_noNarrator,pau,152.252,152.385,0.133,264.495,36.591,
Track7_noNarrator,in,152.385,152.698,0.313,264.495,41.534,
Track7_noNarrator,pau,152.698,152.745,0.047,264.495,40.561,
Track7_noNarrator,np,152.745,154.960,2.215,264.495,80.312,
Track7_noNarrator,pau,154.960,155.777,0.817,264.495,31.431,
Track7_noNarrator,np,155.777,158.046,2.269,264.495,79.758,
Track7_noNarrator,pau,158.046,158.102,0.056,264.495,37.513,
Track7_noNarrator,in,158.102,158.370,0.268,264.495,46.175,
Track7_noNarrator,pau,158.370,158.466,0.095,264.495,40.751,
Track7_noNarrator,np,158.466,163.481,5.015,264.495,81.238,
Track7_noNarrator,pau,163.481,163.583,0.103,264.495,36.380,
Track7_noNarrator,in,163.583,163.955,0.372,264.495,44.698,
Track7_noNarrator,np,163.955,167.086,3.131,264.495,80.143,
Track7_noNarrator,pau,167.086,167.302,0.216,264.495,35.261,
Track7_noNarrator,uh,167.302,167.710,0.409,264.495,75.523,
Track7_noNarrator,pau,167.710,167.826,0.115,264.495,44.813,
Track7_noNarrator,np,167.826,169.813,1.987,264.495,77.048,
Track7_noNarrator,pau,169.813,170.301,0.488,264.495,25.855,
Track7_noNarrator,in,170.301,170.707,0.406,264.495,49.302,
Track7_noNarrator,np,170.707,172.738,2.031,264.495,80.524,
Track7_noNarrator,pau,172.738,172.781,0.043,264.495,35.214,
Track7_noNarrator,np,172.781,174.776,1.995,264.495,80.101,
Track7_noNarrator,pau,174.776,174.916,0.140,264.495,29.291,
Track7_noNarrator,in,174.916,175.195,0.279,264.495,36.555,
Track7_noNarrator,pau,175.195,175.262,0.067,264.495,35.443,
Track7_noNarrator,np,175.262,178.090,2.828,264.495,80.483,
Track7_noNarrator,pau,178.090,178.144,0.054,264.495,41.372,
Track7_noNarrator,np,178.144,179.278,1.135,264.495,78.417,
Track7_noNarrator,pau,179.278,180.484,1.205,264.495,36.219,
Track7_noNarrator,np,180.484,180.914,0.430,264.495,80.861,
Track7_noNarrator,pau,180.914,181.124,0.211,264.495,37.125,
Track7_noNarrator,np,181.124,184.206,3.082,264.495,80.116,
Track7_noNarrator,pau,184.206,184.568,0.362,264.495,31.472,
Track7_noNarrator,in,184.568,184.922,0.355,264.495,47.787,
Track7_noNarrator,np,184.922,187.459,2.537,264.495,80.049,
Track7_noNarrator,pau,187.459,187.569,0.110,264.495,38.649,
Track7_noNarrator,np,187.569,190.197,2.627,264.495,79.243,
Track7_noNarrator,pau,190.197,190.242,0.045,264.495,35.680,
Track7_noNarrator,in,190.242,190.730,0.488,264.495,46.529,
Track7_noNarrator,pau,190.730,190.821,0.092,264.495,35.977,
Track7_noNarrator,np,190.821,195.283,4.461,264.495,80.890,
Track7_noNarrator,pau,195.283,195.315,0.032,264.495,45.054,
Track7_noNarrator,in,195.315,195.558,0.243,264.495,42.555,
Track7_noNarrator,np,195.558,196.411,0.853,264.495,78.557,
Track7_noNarrator,pau,196.411,197.202,0.790,264.495,36.914,
Track7_noNarrator,np,197.202,199.075,1.873,264.495,79.473,
Track7_noNarrator,in,199.075,199.319,0.245,264.495,51.217,
Track7_noNarrator,np,199.319,200.850,1.531,264.495,80.618,
Track7_noNarrator,pau,200.850,201.668,0.817,264.495,34.132,
Track7_noNarrator,np,201.668,202.537,0.870,264.495,79.119,
Track7_noNarrator,pau,202.537,202.561,0.023,264.495,45.206,
Track7_noNarrator,in,202.561,202.771,0.211,264.495,47.674,
Track7_noNarrator,pau,202.771,202.831,0.059,264.495,39.209,
Track7_noNarrator,np,202.831,205.695,2.864,264.495,79.721,
Track7_noNarrator,pau,205.695,205.979,0.284,264.495,40.885,
Track7_noNarrator,np,205.979,207.702,1.723,264.495,80.539,
Track7_noNarrator,pau,207.702,208.012,0.310,264.495,39.120,
Track7_noNarrator,np,208.012,209.333,1.321,264.495,80.864,
Track7_noNarrator,pau,209.333,209.794,0.461,264.495,27.211,
Track7_noNarrator,in,209.794,210.125,0.331,264.495,48.281,
Track7_noNarrator,np,210.125,213.240,3.115,264.495,77.834,
Track7_noNarrator,in,213.240,213.472,0.232,264.495,41.413,
Track7_noNarrator,pau,213.472,213.503,0.031,264.495,39.979,
Track7_noNarrator,np,213.503,216.556,3.053,264.495,80.193,
Track7_noNarrator,pau,216.556,216.581,0.025,264.495,37.309,
Track7_noNarrator,in,216.581,216.892,0.311,264.495,37.728,
Track7_noNarrator,pau,216.892,216.957,0.065,264.495,30.235,
Track7_noNarrator,np,216.957,219.450,2.493,264.495,81.198,
Track7_noNarrator,pau,219.450,219.484,0.034,264.495,36.742,
Track7_noNarrator,in,219.484,219.765,0.281,264.495,42.009,
Track7_noNarrator,pau,219.765,219.871,0.106,264.495,29.437,
Track7_noNarrator,np,219.871,221.778,1.907,264.495,80.295,
Track7_noNarrator,pau,221.778,222.438,0.661,264.495,37.536,
Track7_noNarrator,np,222.438,224.685,2.246,264.495,80.866,
Track7_noNarrator,pau,224.685,224.705,0.020,264.495,33.275,
Track7_noNarrator,in,224.705,225.038,0.334,264.495,42.874,
Track7_noNarrator,pau,225.038,225.091,0.052,264.495,26.960,
Track7_noNarrator,np,225.091,226.333,1.243,264.495,79.792,
Track7_noNarrator,pau,226.333,226.758,0.425,264.495,33.610,
Track7_noNarrator,np,226.758,229.624,2.866,264.495,78.733,
Track7_noNarrator,pau,229.624,229.754,0.130,264.495,34.010,
Track7_noNarrator,in,229.754,230.296,0.542,264.495,42.607,
Track7_noNarrator,np,230.296,230.706,0.410,264.495,81.930,
Track7_noNarrator,pau,230.706,230.749,0.043,264.495,40.419,
Track7_noNarrator,np,230.749,235.368,4.619,264.495,80.735,
Track7_noNarrator,in,235.368,235.726,0.358,264.495,39.357,
Track7_noNarrator,pau,235.726,235.773,0.047,264.495,36.381,
Track7_noNarrator,np,235.773,237.863,2.091,264.495,78.034,
Track7_noNarrator,pau,237.863,238.542,0.679,264.495,30.114,
Track7_noNarrator,in,238.542,238.866,0.324,264.495,40.179,
Track7_noNarrator,pau,238.866,238.918,0.052,264.495,31.513,
Track7_noNarrator,np,238.918,240.602,1.683,264.495,80.744,
Track7_noNarrator,in,240.602,240.846,0.245,264.495,42.251,
Track7_noNarrator,pau,240.846,240.956,0.110,264.495,38.172,
Track7_noNarrator,np,240.956,242.876,1.919,264.495,81.268,
Track7_noNarrator,pau,242.876,242.957,0.081,264.495,39.448,
Track7_noNarrator,np,242.957,245.681,2.724,264.495,80.543,
Track7_noNarrator,pau,245.681,246.028,0.347,264.495,33.272,
Track7_noNarrator,np,246.028,247.283,1.255,264.495,81.250,
Track7_noNarrator,pau,247.283,247.297,0.014,264.495,40.133,
Track7_noNarrator,in,247.297,247.567,0.270,264.495,48.750,
Track7_noNarrator,pau,247.567,247.609,0.041,264.495,38.688,
Track7_noNarrator,np,247.609,250.772,3.164,264.495,81.917,
Track7_noNarrator,pau,250.772,250.821,0.049,264.495,35.398,
Track7_noNarrator,np,250.821,251.443,0.622,264.495,81.435,
Track7_noNarrator,pau,251.443,251.716,0.274,264.495,31.028,
Track7_noNarrator,in,251.716,252.060,0.344,264.495,42.365,
Track7_noNarrator,np,252.060,254.525,2.465,264.495,79.824,
Track7_noNarrator,in,254.525,254.826,0.301,264.495,43.480,
Track7_noNarrator,pau,254.826,254.910,0.084,264.495,31.888,
Track7_noNarrator,np,254.910,258.419,3.509,264.495,79.173,
Track7_noNarrator,pau,258.419,258.879,0.460,264.495,35.852,
Track7_noNarrator,np,258.879,261.564,2.685,264.495,80.843,
Track7_noNarrator,pau,261.564,261.683,0.118,264.495,36.488,
Track7_noNarrator,np,261.683,262.738,1.055,264.495,81.642,
Track7_noNarrator,pau,262.738,263.088,0.350,264.495,36.410,
Track7_noNarrator,np,263.088,264.495,1.407,264.495,78.430,
